state,act_part_18,act_comp_18
Alabama,100,19.1
Arkansas,100,19.4
Kentucky,100,20.2
Louisiana,100,19.2
Mississippi,100,18.6
Missouri,100,20
Montana,100,20
Nebraska,100,20.1
Nevada,100,17.7
North Carolina,100,19.1
Ohio,100,20.3
Oklahoma,100,19.3
South Carolina,100,18.3
Tennessee,100,19.6
Utah,100,20.4
Wisconsin,100,20.5
Wyoming,100,20
Minnesota,99,21.3
North Dakota,98,20.3
Hawaii,89,18.9
South Dakota,77,21.9
Kansas,71,21.6
Iowa,68,21.8
New Mexico,67,19.4
Arizona,66,19.2
Florida,66,19.9
West Virginia,65,20.3
Georgia,53,21.4
Illinois,43,23.9
Oregon,42,21.3
Texas,41,20.6
Idaho,36,22.3
Alaska,33,20.8
District of Columbia,32,23.6
Indiana,32,22.5
Maryland,31,22.5
New Jersey,31,23.7
Colorado,30,23.9
California,27,22.7
New York,27,24.5
Connecticut,26,25.6
Massachusetts,25,25.5
Vermont,24,24.1
Virginia,24,23.9
Washington,24,22.2
Michigan,24,24.4
Pennsylvania,20,23.5
Delaware,17,23.8
New Hampshire,16,25.1
Rhode Island,15,24.2
Maine,7,24